Whse Zone,Whse Location,Avail Width (in),Avail Depth  (in),Avail Height (in),Avail Volume (in3),Designation,
SB1,1A020A,54,420,160,3378240,VAS,
SB1,1A022A,52,420,160,3253120,VAS,
SB1,1A024A,56,420,160,3503360,VAS,
SB1,1A026A,55,420,160,3440800,VAS,
SB1,1A028A,54,420,160,3378240,VAS,
SB1,1A030A,53,420,160,3315680,BULK,
SB1,1A032A,56,420,160,3503360,BULK,
SB1,1A034A,53,420,160,3315680,BULK,
SB1,1A036A,53,420,160,3315680,BULK,
SB1,1A038A,52,420,160,3253120,BULK,
SB1,1A040A,52,420,160,3253120,BULK,
SB1,1A042A,53,420,160,3315680,BULK,
SB1,1A044A,55,420,160,3440800,BULK,
SB1,1A046A,55,420,160,3440800,BULK,
SB1,1A048A,56,420,160,3503360,BULK,
SB1,1A050A,54,420,160,3378240,BULK,
SB1,1A052A,56,420,160,3503360,BULK,
SB1,1A054A,52,420,160,3253120,BULK,
SB1,1A056A,56,420,160,3503360,BULK,
SB1,1A058A,51,420,160,3190560,BULK,
SB1,1A060A,51,420,160,3190560,BULK,
SB1,1A062A,56,420,160,3503360,BULK,
SB1,1A064A,51,420,160,3190560,BULK,
SB1,1A066A,54,420,160,3378240,BULK,
SB1,1A068A,49,420,160,3065440,BULK,
SB1,1A070A,61,420,160,3816160,BULK,
SB1,1A072A,49,420,160,3065440,BULK,
SB1,1A074A,56,420,160,3503360,BULK,
SB1,1A076A,50,420,160,3128000,BULK,
SB1,1A078A,61,420,160,3816160,BULK,
SB1,1A080A,64,420,160,4003840,BULK,
SB1,1A082A,50,420,160,3128000,BULK,
SB1,1A084A,55,420,160,3440800,BULK,
SB1,1A086A,52,420,160,3253120,BULK,
SB1,1A088A,55,420,160,3440800,BULK,
SB1,1A090A,52,420,160,3253120,BULK,
SB1,1A092A,55,420,160,3440800,BULK,
SB1,1A094A,52,420,160,3253120,BULK,
SB1,1A096A,54,420,160,3378240,BULK,
SB1,1A098A,51,420,160,3190560,BULK,
SB1,1A100A,47,420,160,2940320,BULK,
SB1,1A102A,47,420,160,2940320,BULK,
SB1,1A104A,48,420,160,3002880,REDTAG,
SB1,1A106A,49,420,160,3065440,REDTAG,
SB1,1A108A,47,420,160,2940320,REDTAG,
SB1,1B002A,58,514,160,3628480,VAS,
SB1,1B004A,58,514,160,3628480,VAS,
SB1,1B006A,58,514,160,3628480,VAS,
SB1,1B008A,54,514,160,3378240,VAS,
SB1,1B010A,58,514,160,3628480,VAS,
SB1,1B012A,53,514,160,3315680,VAS,
SB1,1B014A,58,514,160,3628480,VAS,
SB1,1B016A,53,514,160,3315680,VAS,
SB1,1B018A,58,514,160,3628480,VAS,
SB1,1B020A,52,514,160,3253120,BULK,
SB1,1B022A,52,514,160,3253120,BULK,
SB1,1B024A,56,514,160,3503360,BULK,
SB1,1B026A,45,514,160,2815200,BULK,
SB1,1B028A,65,514,160,4066400,BULK,
SB1,1B030A,53,514,160,3315680,BULK,
SB1,1B032A,56,514,160,3503360,BULK,
SB1,1B034A,53,514,160,3315680,BULK,
SB1,1B036A,55,514,160,3440800,BULK,
SB1,1B038A,50,514,160,3128000,BULK,
SB1,1B040A,52,514,160,3253120,BULK,
SB1,1B042A,53,514,160,3315680,BULK,
SB1,1B044A,54,514,160,3378240,BULK,
SB1,1B046A,56,514,160,3503360,BULK,
SB1,1B048A,53,514,160,3315680,BULK,
SB1,1B050A,53,514,160,3315680,BULK,
SB1,1B052A,55,514,160,3440800,BULK,
SB1,1B054A,53,514,160,3315680,BULK,
SB1,1B056A,53,514,160,3315680,BULK,
SB1,1B058A,52,514,160,3253120,BULK,
SB1,1B060A,52,514,160,3253120,BULK,
SB1,1B062A,55,514,160,3440800,BULK,
SB1,1B064A,52,514,160,3253120,BULK,
SB1,1B066A,54,514,160,3378240,BULK,
SB1,1B068A,51,514,160,3190560,BULK,
SB1,1B070A,61,514,160,3816160,BULK,
SB1,1B072A,48,514,160,3002880,BULK,
SB1,1B074A,56,514,160,4677120,BULK,
SB1,1B076A,50,514,160,4176000,BULK,
SB1,1B078A,61,514,160,5094720,BULK,
SB1,1B080A,64,514,160,5345280,BULK,
SB1,1B082A,51,514,160,4259520,BULK,
SB1,1B084A,56,514,160,4677120,BULK,
SB1,1B086A,52,514,160,4343040,BULK,
SB1,1B088A,55,514,160,4593600,BULK,
SB1,1B090A,51,514,160,4259520,BULK,
SB1,1B092A,54,514,160,4510080,BULK,
SB1,1B094A,53,514,160,4426560,BULK,
SB1,1B096A,55,514,160,4593600,BULK,
SB1,1B098A,52,514,160,4343040,BULK,
SB1,1B100A,46,514,160,3841920,BULK,
SB1,1B102A,48,514,160,4008960,BULK,
SB1,1B104A,47,514,160,3925440,BULK,
SB1,1B106A,50,514,160,4176000,BULK,
SB1,1B108A,48,514,160,4008960,BULK,
SB1,1D002A,57,451,160,4760640,BULK,
SB1,1D004A,55,451,160,4593600,BULK,
SB1,1D006A,57,451,160,4760640,BULK,
SB1,1D008A,55,451,160,4593600,BULK,
SB1,1D010A,57,451,160,4760640,BULK,
SB1,1D012A,54,451,160,4510080,BULK,
SB1,1D014A,56,451,160,4677120,BULK,
SB1,1D016A,55,451,160,4593600,BULK,
SB1,1D018A,56,451,160,4677120,BULK,
SB1,1D020A,54,451,160,4510080,BULK,
SB1,1D022A,54,451,160,4510080,BULK,
SB1,1D024A,55,451,160,4593600,BULK,
SB1,1D026A,47,451,160,3925440,BULK,
SB1,1D028A,64,451,160,5345280,BULK,
SB1,1D030A,54,451,160,4510080,BULK,
SB1,1D032A,55,451,160,4593600,BULK,
SB1,1D034A,55,451,160,4593600,BULK,
SB1,1D036A,55,451,160,4593600,BULK,
SB1,1D038A,51,451,160,4259520,BULK,
SB1,1D040A,54,451,160,4510080,BULK,
SB1,1D042A,53,451,160,4426560,BULK,
SB1,1D044A,55,451,160,4593600,BULK,
SB1,1D046A,55,451,160,4593600,BULK,
SB1,1D048A,54,451,160,4510080,BULK,
SB1,1D050A,54,451,160,4510080,BULK,
SB1,1D052A,56,451,160,4677120,BULK,
SB1,1D054A,54,451,160,4510080,BULK,
SB1,1D056A,56,451,160,4677120,BULK,
SB1,1D058A,52,451,160,4343040,BULK,
SB1,1D060A,51,451,160,4259520,BULK,
SB1,1D062A,55,451,160,4593600,BULK,
SB1,1D064A,52,451,160,4343040,BULK,
SB1,1D066A,55,451,160,4593600,BULK,
SB1,1D068A,50,451,160,4176000,BULK,
SB1,1D070A,56,451,160,4677120,BULK,
SB1,1D072A,53,451,160,4426560,BULK,
SB1,1D074A,56,451,160,3942400,BULK,
SB1,1D076A,51,451,160,3590400,BULK,
SB1,1D078A,61,451,160,4294400,BULK,
SB1,1D080A,63,451,160,4435200,BULK,
SB1,1D082A,51,451,160,3590400,BULK,
SB1,1D084A,56,451,160,3942400,BULK,
SB1,1D086A,52,451,160,3660800,BULK,
SB1,1D088A,55,451,160,3872000,BULK,
SB1,1D090A,52,451,160,3660800,BULK,
SB1,1D092A,52,451,160,3660800,BULK,
SB1,1D094A,56,451,160,3942400,BULK,
SB1,1D096A,56,451,160,3942400,BULK,
SB1,1D098A,52,451,160,3660800,BULK,
SB1,1D100A,54,451,160,3801600,BULK,
SB1,1D102A,49,451,160,3449600,BULK,
SB1,1D104A,51,451,160,3590400,BULK,
SB1,1D106A,50,451,160,3520000,BULK,
SB1,1D108A,53,451,160,3731200,BULK,
SB1,1E002A,58,333,160,4083200,BULK,
SB1,1E004A,54,333,160,3801600,BULK,
SB1,1E006A,56,333,160,3942400,BULK,
SB1,1E008A,54,333,160,3801600,BULK,
SB1,1E010A,56,333,160,3942400,BULK,
SB1,1E012A,56,333,160,3942400,BULK,
SB1,1E014A,55,333,160,3872000,BULK,
SB1,1E016A,54,333,160,3801600,BULK,
SB1,1E018A,57,333,160,4012800,BULK,
SB1,1E020A,52,333,160,3660800,BULK,
SB1,1E022A,54,333,160,3801600,BULK,
SB1,1E024A,55,333,160,3872000,BULK,
SB1,1E026A,45,333,160,3168000,BULK,
SB1,1E028A,65,333,160,4576000,BULK,
SB1,1E030A,52,333,160,3660800,BULK,
SB1,1E032A,53,333,160,3731200,BULK,
SB1,1E034A,53,333,160,3731200,BULK,
SB1,1E036A,54,333,160,3801600,BULK,
SB1,1E038A,51,333,160,3590400,BULK,
SB1,1E040A,53,333,160,3731200,BULK,
SB1,1E042A,54,333,160,3801600,BULK,
SB1,1E044A,53,333,160,3731200,BULK,
SB1,1E046A,56,333,160,3942400,BULK,
SB1,1E048A,54,333,160,3801600,BULK,
SB1,1E050A,54,333,160,3801600,BULK,
SB1,1E052A,54,333,160,3801600,BULK,
SB1,1E054A,55,333,160,3872000,BULK,
SB1,1E056A,53,333,160,3731200,BULK,
SB1,1E058A,53,333,160,3731200,BULK,
SB1,1E060A,53,333,160,3731200,BULK,
SB1,1E062A,54,333,160,3801600,BULK,
SB1,1E064A,53,333,160,3731200,BULK,
SB1,1E066A,53,333,160,3731200,BULK,
SB1,1E068A,50,333,160,3520000,BULK,
SB1,1E070A,58,333,160,4083200,BULK,
SB1,1E072A,51,333,160,3590400,BULK,
SB1,1E074A,55,333,160,4004000,BULK,
SB1,1E076A,52,333,160,3785600,BULK,
SB1,1E078A,60,333,160,4368000,BULK,
SB1,1E080A,55,333,160,4004000,BULK,
SB1,1E082A,51,333,160,3712800,BULK,
SB1,1E084A,55,333,160,4004000,BULK,
SB1,1E086A,51,333,160,3712800,BULK,
SB1,1E088A,54,333,160,3931200,BULK,
SB1,1E090A,53,333,160,3858400,BULK,
SB1,1E092A,54,333,160,3931200,BULK,
SB1,1E094A,53,333,160,3858400,BULK,
SB1,1E096A,55,333,160,4004000,BULK,
SB1,1E098A,51,333,160,3712800,BULK,
SB1,1E100A,47,333,160,3421600,BULK,
SB1,1E102A,51,333,160,3712800,BULK,
SB1,1E104A,48,333,160,3494400,BULK,
SB1,1E106A,51,333,160,3712800,BULK,
SB1,1E108A,49,333,160,3567200,BULK,
SB1,1E110A,52,333,160,3785600,BULK,
SB1,1E112A,47,333,160,3421600,BULK,
SB1,1E114A,51,333,160,3712800,BULK,
SB1,1E116A,52,333,160,3785600,BULK,
SB1,1F002A,61,970,160,4440800,BULK,
SB1,1F004A,61,970,160,4440800,BULK,
SB1,1F006A,58,970,160,4222400,BULK,
SB1,1F008A,60,970,160,4368000,BULK,
SB1,1F010A,55,520,160,4004000,BULK,
SB1,1F012A,52,520,160,3785600,BULK,
SB1,1F014A,50,520,160,3640000,BULK,
SB1,1F016A,53,520,160,3858400,BULK,
SB1,1F018A,52,520,160,3785600,BULK,
SB1,1F020A,54,520,160,3931200,BULK,
SB1,1F022A,55,520,160,4004000,BULK,
SB1,1F024A,53,520,160,3858400,BULK,
SB1,1F026A,54,520,160,3931200,BULK,
SB1,1F028A,55,520,160,4004000,BULK,
SB1,1F030A,54,520,160,3931200,BULK,
SB1,1F032A,55,520,160,4004000,BULK,
SB1,1F034A,56,520,160,4076800,BULK,
SB1,1F036A,55,520,160,4004000,BULK,
SB1,1F038A,55,520,160,4004000,BULK,
SB1,1F040A,55,520,160,4004000,BULK,
SB1,1F042A,56,520,160,4076800,BULK,
SB1,1F044A,56,520,160,4076800,BULK,
SB1,1F046A,55,520,160,4004000,BULK,
SB1,1F048A,56,520,160,4076800,BULK,
SB1,1F050A,54,520,160,3931200,BULK,
SB1,1F052A,55,520,160,4004000,BULK,
SB1,1F054A,54,520,160,3931200,BULK,
SB1,1F056A,55,520,160,4004000,BULK,
SB1,1F058A,54,520,160,3931200,BULK,
SB1,1F060A,54,520,160,3931200,BULK,
SB1,1F062A,54,520,160,3931200,BULK,
SB1,1F064A,53,520,160,3858400,BULK,
SB1,1F066A,54,520,160,3931200,BULK,
SB1,1F068A,52,520,160,3785600,BULK,
SB1,1F070A,54,520,160,3931200,BULK,
SB1,1F072A,53,520,160,3858400,BULK,
SB1,1F074A,53,520,160,3858400,BULK,
SB1,1F076A,52,520,160,4368000,BULK,
SB1,1F078A,54,520,160,4536000,BULK,
SB1,1F080A,55,520,160,4620000,BULK,
SB1,1F082A,53,520,160,4452000,BULK,
SB1,1F084A,55,520,160,4620000,BULK,
SB1,1F086A,53,520,160,4452000,BULK,
SB1,1F088A,55,520,160,4620000,BULK,
SB1,1F090A,52,520,160,4368000,BULK,
SB1,1F092A,53,520,160,4452000,BULK,
SB1,1F094A,52,520,160,4368000,BULK,
SB1,1F096A,54,520,160,4536000,BULK,
SB1,1F098A,52,520,160,4368000,BULK,
SB1,1F100A,50,520,160,4200000,BULK,
SB1,1F102A,50,520,160,4200000,BULK,
SB1,1F104A,50,520,160,4200000,BULK,
SB1,1F106A,51,520,160,4284000,BULK,
SB1,1F108A,49,520,160,4116000,BULK,
SB1,1F110A,51,520,160,4284000,BULK,
SB1,1F112A,48,520,160,4032000,BULK,
SB1,1F114A,50,520,160,4200000,BULK,
SB1,1F116A,52,520,160,4368000,BULK,
SB1,1G010A,52,581,160,4368000,BULK,
SB1,1G012A,52,581,160,4368000,BULK,
SB1,1G014A,53,581,160,4452000,BULK,
SB1,1G016A,49,581,160,4116000,BULK,
SB1,1G018A,52,581,160,4368000,BULK,
SB1,1G020A,54,581,160,4536000,BULK,
SB1,1G022A,53,581,160,4452000,BULK,
SB1,1G024A,56,581,160,4704000,BULK,
SB1,1G026A,54,581,160,4536000,BULK,
SB1,1G028A,55,581,160,4620000,BULK,
SB1,1G030A,54,581,160,4536000,BULK,
SB1,1G032A,54,581,160,4536000,BULK,
SB1,1G034A,56,581,160,4704000,BULK,
SB1,1G036A,53,581,160,4452000,BULK,
SB1,1G038A,52,581,160,4368000,BULK,
SB1,1G040A,56,581,160,4704000,BULK,
SB1,1G042A,53,581,160,4452000,BULK,
SB1,1G044A,55,581,160,4620000,BULK,
SB1,1G046A,54,581,160,4536000,BULK,
SB1,1G048A,54,581,160,4536000,BULK,
SB1,1G050A,54,581,160,4536000,BULK,
SB1,1G052A,55,581,160,4620000,BULK,
SB1,1G054A,54,581,160,4536000,BULK,
SB1,1G056A,53,581,160,4452000,BULK,
SB1,1G058A,52,581,160,4368000,BULK,
SB1,1G060A,52,581,160,4368000,BULK,
SB1,1G062A,54,581,160,4536000,BULK,
SB1,1G064A,52,581,160,4368000,BULK,
SB1,1G066A,55,581,160,4620000,BULK,
SB1,1G068A,53,581,160,4452000,BULK,
SB1,1G070A,54,581,160,4536000,BULK,
SB1,1G072A,51,581,160,4284000,BULK,
SB1,1G074A,55,581,160,4620000,BULK,
SB1,1G076A,51,581,160,4284000,BULK,
SB1,1G078A,61,581,160,5124000,BULK,
SB1,1G080A,62,581,160,5208000,BULK,
SB1,1G082A,52,581,160,4368000,BULK,
SB1,1G084A,55,581,160,4620000,BULK,
SB1,1G086A,51,581,160,4651200,BULK,
SB1,1G088A,54,581,160,4924800,BULK,
SB1,1G090A,53,581,160,4833600,BULK,
SB1,1G092A,54,581,160,4924800,BULK,
SB1,1G094A,55,581,160,5016000,BULK,
SB1,1G096A,53,581,160,4833600,BULK,
SB1,1G098A,53,581,160,4833600,BULK,
SB1,1G100A,48,581,160,4377600,BULK,
SB1,1G102A,51,581,160,4651200,BULK,
SB1,1G104A,51,581,160,4651200,BULK,
SB1,1G106A,50,581,160,4560000,BULK,
SB1,1G108A,51,581,160,4651200,BULK,
SB1,1G110A,51,581,160,4651200,BULK,
SB1,1G112A,51,581,160,4651200,BULK,
SB1,1G114A,48,581,160,4377600,BULK,
SB1,1G116A,53,581,160,4833600,BULK,
SB1,1H010A,53,377,160,4833600,BULK,
SB1,1H012A,53,377,160,4833600,BULK,
SB1,1H014A,53,377,160,4833600,BULK,
SB1,1H016A,53,377,160,4833600,BULK,
SB1,1H018A,48,377,160,4377600,BULK,
SB1,1H020A,51,377,160,4651200,BULK,
SB1,1H022A,51,377,160,4651200,BULK,
SB1,1H024A,49,377,160,4468800,BULK,
SB1,1H026A,51,377,160,4651200,BULK,
SB1,1H028A,50,377,160,4560000,BULK,
SB1,1H030A,52,377,160,4742400,BULK,
SB1,1H032A,50,377,160,4560000,BULK,
SB1,1H034A,50,377,160,4560000,BULK,
SB1,1H036A,51,377,160,4651200,BULK,
SB1,1H038A,50,377,160,4560000,BULK,
SB1,1H040A,51,377,160,4651200,BULK,
SB1,1H042A,50,377,160,4560000,BULK,
SB1,1H044A,50,377,160,4560000,BULK,
SB1,1H046A,52,377,160,4742400,BULK,
SB1,1H048A,50,377,160,4560000,BULK,
SB1,1H050A,50,377,160,4560000,BULK,
SB1,1H052A,50,377,160,4560000,BULK,
SB1,1H054A,50,377,160,4560000,BULK,
SB1,1H056A,51,377,160,4651200,BULK,
SB1,1H058A,50,377,160,4560000,BULK,
SB1,1H060A,51,377,160,4651200,BULK,
SB1,1H062A,49,377,160,4468800,BULK,
SB1,1H064A,50,377,160,4560000,BULK,
SB1,1H066A,50,377,160,4560000,BULK,
SB1,1H068A,49,377,160,4468800,BULK,
SB1,1H070A,50,377,160,4560000,BULK,
SB1,1H072A,50,377,160,4560000,BULK,
SB1,1H074A,49,377,160,4468800,BULK,
SB1,1H076A,50,377,160,4560000,BULK,
SB1,1H078A,48,377,160,4377600,BULK,
SB1,1H080A,51,377,160,4651200,BULK,
SB1,1H082A,48,377,160,4377600,BULK,
SB1,1H084A,50,377,160,4560000,BULK,
SB1,1H086A,52,377,160,3461120,BULK,
SB1,1H088A,62,377,160,4126720,BULK,
SB1,1H090A,52,377,160,3461120,BULK,
SB1,1H092A,54,377,160,3594240,BULK,
SB1,1H094A,52,377,160,3461120,BULK,
SB1,1H096A,54,377,160,3594240,BULK,
SB1,1H098A,54,377,160,3594240,BULK,
SB1,1H100A,55,377,160,3660800,BULK,
SB1,1H102A,53,377,160,3527680,BULK,
SB1,1H104A,52,377,160,3461120,BULK,
SB1,1H106A,53,377,160,3527680,BULK,
SB1,1H108A,47,377,160,3128320,BULK,
SB1,1H110A,49,377,160,3261440,BULK,
SB1,1H112A,51,377,160,3394560,BULK,
SB1,1H114A,49,377,160,3261440,BULK,
SB1,1H116A,50,377,160,3328000,BULK,
SB1,1H118A,48,377,160,3194880,BULK,
SB1,1H120A,51,377,160,3394560,BULK,
SB1,1H122A,48,377,160,3194880,BULK,
SB1,1B001A,57,660,160,3793920,VAS,
SB1,1B003A,56,660,160,3727360,VAS,
SB1,1B005A,57,660,160,3793920,VAS,
SB1,1B007A,54,660,160,3594240,VAS,
SB1,1B009A,57,660,160,3793920,VAS,
SB1,1B011A,54,660,160,3594240,VAS,
SB1,1B013A,56,660,160,3727360,VAS,
SB1,1B015A,54,660,160,3594240,VAS,
SB1,1B017A,56,660,160,3727360,VAS,
SB1,1B019A,54,512,160,3594240,VAS,
SB1,1B021A,52,512,160,3461120,VAS,
SB1,1B023A,56,512,160,3727360,VAS,
SB1,1B025A,55,512,160,3660800,VAS,
SB1,1B027A,54,512,160,3594240,VAS,
SB1,1B029A,53,512,160,3527680,VAS,
SB1,1B031A,56,512,160,3727360,VAS,
SB1,1B033A,53,512,160,3527680,VAS,
SB1,1B035A,53,512,160,3527680,VAS,
SB1,1B037A,52,512,160,3461120,VAS,
SB1,1B039A,52,512,160,3461120,BULK,
SB1,1B041A,53,512,160,3527680,BULK,
SB1,1B043A,55,512,160,3660800,BULK,
SB1,1B045A,55,512,160,3660800,BULK,
SB1,1B047A,56,512,160,3727360,BULK,
SB1,1B049A,54,512,160,3594240,BULK,
SB1,1B051A,56,512,160,3727360,BULK,
SB1,1B053A,52,512,160,3461120,BULK,
SB1,1B055A,56,512,160,3727360,BULK,
SB1,1B057A,51,512,160,3394560,BULK,
SB1,1B059A,51,512,160,3394560,BULK,
SB1,1B061A,56,512,160,3727360,BULK,
SB1,1B063A,51,512,160,3394560,BULK,
SB1,1B065A,54,512,160,3594240,BULK,
SB1,1B067A,49,512,160,3261440,BULK,
SB1,1B069A,61,512,160,4060160,BULK,
SB1,1B071A,49,512,160,3261440,BULK,
SB1,1B073A,56,512,160,3727360,BULK,
SB1,1B075A,50,512,160,3328000,BULK,
SB1,1B077A,61,512,160,4060160,BULK,
SB1,1B079A,64,512,160,4259840,BULK,
SB1,1B081A,50,512,160,3328000,BULK,
SB1,1B083A,55,512,160,3660800,BULK,
SB1,1B085A,52,512,160,3461120,BULK,
SB1,1B087A,55,512,160,3660800,BULK,
SB1,1B089A,52,512,160,3461120,BULK,
SB1,1B091A,55,512,160,3660800,BULK,
SB1,1B093A,52,512,160,3461120,BULK,
SB1,1B095A,54,512,160,3594240,BULK,
SB1,1B097A,51,512,160,3394560,BULK,
SB1,1B099A,47,512,160,3128320,BULK,
SB1,1B101A,47,512,160,3128320,BULK,
SB1,1B103A,48,512,160,3194880,BULK,
SB1,1B105A,49,512,160,3261440,BULK,
SB1,1B107A,47,512,160,3128320,BULK,
SB1,1D001A,58,531,160,3860480,BULK,
SB1,1D003A,58,531,160,3860480,BULK,
SB1,1D005A,58,531,160,3860480,BULK,
SB1,1D007A,54,531,160,3594240,BULK,
SB1,1D009A,58,531,160,3860480,BULK,
SB1,1D011A,53,531,160,3527680,BULK,
SB1,1D013A,58,531,160,3860480,BULK,
SB1,1D015A,53,531,160,4341760,BULK,
SB1,1D017A,58,531,160,4751360,BULK,
SB1,1D019A,52,531,160,4259840,BULK,
SB1,1D021A,52,531,160,4259840,BULK,
SB1,1D023A,56,531,160,4587520,BULK,
SB1,1D025A,45,531,160,3686400,BULK,
SB1,1D027A,65,531,160,5324800,BULK,
SB1,1D029A,53,531,160,4341760,BULK,
SB1,1D031A,56,531,160,4587520,BULK,
SB1,1D033A,53,531,160,4341760,BULK,
SB1,1D035A,55,531,160,4505600,BULK,
SB1,1D037A,50,531,160,4096000,BULK,
SB1,1D039A,52,531,160,4259840,BULK,
SB1,1D041A,53,531,160,4341760,BULK,
SB1,1D043A,54,531,160,4423680,BULK,
SB1,1D045A,56,531,160,4587520,BULK,
SB1,1D047A,53,531,160,4341760,BULK,
SB1,1D049A,53,531,160,4341760,BULK,
SB1,1D051A,55,531,160,4505600,BULK,
SB1,1D053A,53,531,160,4341760,BULK,
SB1,1D055A,53,531,160,4341760,BULK,
SB1,1D057A,52,531,160,4259840,BULK,
SB1,1D059A,52,531,160,4259840,BULK,
SB1,1D061A,55,531,160,4505600,BULK,
SB1,1D063A,52,531,160,4259840,BULK,
SB1,1D065A,54,531,160,4423680,BULK,
SB1,1D067A,51,531,160,4177920,BULK,
SB1,1D069A,61,531,160,4997120,BULK,
SB1,1D071A,48,531,160,3932160,BULK,
SB1,1D073A,56,531,160,4587520,BULK,
SB1,1D075A,50,531,160,4096000,BULK,
SB1,1D077A,61,531,160,4997120,BULK,
SB1,1D079A,64,531,160,5242880,BULK,
SB1,1D081A,51,531,160,4177920,BULK,
SB1,1D083A,56,531,160,4587520,BULK,
SB1,1D085A,52,531,160,4259840,BULK,
SB1,1D087A,55,531,160,4505600,BULK,
SB1,1D089A,51,531,160,4177920,BULK,
SB1,1D091A,54,531,160,4423680,BULK,
SB1,1D093A,53,531,160,4341760,BULK,
SB1,1D095A,55,531,160,4505600,BULK,
SB1,1D097A,52,531,160,4259840,BULK,
SB1,1D099A,46,531,160,3768320,BULK,
SB1,1D101A,48,531,160,3932160,BULK,
SB1,1D103A,47,531,160,3850240,BULK,
SB1,1D105A,50,531,160,4096000,BULK,
SB1,1D107A,48,531,160,3932160,BULK,
SB1,1F001A,58,342,160,4751360,BULK,
SB1,1F003A,54,342,160,4423680,BULK,
SB1,1F005A,56,342,160,4587520,BULK,
SB1,1F007A,54,342,160,4423680,BULK,
SB1,1F009A,56,342,160,4587520,BULK,
SB1,1F011A,56,342,160,4587520,BULK,
SB1,1F013A,55,342,160,4505600,BULK,
SB1,1F015A,54,342,160,4682880,BULK,
SB1,1F017A,57,342,160,4943040,BULK,
SB1,1F019A,52,342,160,4509440,BULK,
SB1,1F021A,54,342,160,4682880,BULK,
SB1,1F023A,55,342,160,4769600,BULK,
SB1,1F025A,45,342,160,3902400,BULK,
SB1,1F027A,65,342,160,5636800,BULK,
SB1,1F029A,52,342,160,4509440,BULK,
SB1,1F031A,53,342,160,4596160,BULK,
SB1,1F033A,53,342,160,4596160,BULK,
SB1,1F035A,54,342,160,4682880,BULK,
SB1,1F037A,51,342,160,4422720,BULK,
SB1,1F039A,53,342,160,4596160,BULK,
SB1,1F041A,54,342,160,4682880,BULK,
SB1,1F043A,53,342,160,4596160,BULK,
SB1,1F045A,56,342,160,4856320,BULK,
SB1,1F047A,54,342,160,4682880,BULK,
SB1,1F049A,54,342,160,4682880,BULK,
SB1,1F051A,54,342,160,4682880,BULK,
SB1,1F053A,55,342,160,4769600,BULK,
SB1,1F055A,53,342,160,4596160,BULK,
SB1,1F057A,53,342,160,4596160,BULK,
SB1,1F059A,53,342,160,4596160,BULK,
SB1,1F061A,54,342,160,4682880,BULK,
SB1,1F063A,53,342,160,4596160,BULK,
SB1,1F065A,53,342,160,4596160,BULK,
SB1,1F067A,50,342,160,4336000,BULK,
SB1,1F069A,58,342,160,5029760,BULK,
SB1,1F071A,51,342,160,4422720,BULK,
SB1,1F073A,55,342,160,4769600,BULK,
SB1,1F075A,52,342,160,4509440,BULK,
SB1,1F077A,60,342,160,5203200,BULK,
SB1,1F079A,55,342,160,4769600,BULK,
SB1,1F081A,51,342,160,4422720,BULK,
SB1,1F083A,55,342,160,4769600,BULK,
SB1,1F085A,51,342,160,4422720,BULK,
SB1,1F087A,54,342,160,4682880,BULK,
SB1,1F089A,53,342,160,4596160,BULK,
SB1,1F091A,54,342,160,4682880,BULK,
SB1,1F093A,53,342,160,4596160,BULK,
SB1,1F095A,55,342,160,4769600,BULK,
SB1,1F097A,51,342,160,4422720,BULK,
SB1,1F099A,47,342,160,4075840,BULK,
SB1,1F101A,51,342,160,4422720,BULK,
SB1,1F103A,48,342,160,4162560,BULK,
SB1,1F105A,51,342,160,4422720,BULK,
SB1,1F107A,49,342,160,4249280,BULK,
SB1,1F109A,52,342,160,4509440,BULK,
SB1,1F111A,47,342,160,4075840,BULK,
SB1,1F113A,51,342,160,4422720,BULK,
SB1,1F115A,52,342,160,4509440,BULK,
SB1,1G009A,55,520,160,4769600,BULK,
SB1,1G011A,52,520,160,4509440,BULK,
SB1,1G013A,50,520,160,4336000,BULK,
SB1,1G015A,53,520,160,4596160,BULK,
SB1,1G017A,52,520,160,4509440,BULK,
SB1,1G019A,54,520,160,4682880,BULK,
SB1,1G021A,55,520,160,4769600,BULK,
SB1,1G023A,53,520,160,4596160,BULK,
SB1,1G025A,54,520,160,4682880,BULK,
SB1,1G027A,55,520,160,4769600,BULK,
SB1,1G029A,54,520,160,4682880,BULK,
SB1,1G031A,55,520,160,4769600,BULK,
SB1,1G033A,56,520,160,4856320,BULK,
SB1,1G035A,55,520,160,4769600,BULK,
SB1,1G037A,55,520,160,4769600,BULK,
SB1,1G039A,55,520,160,4769600,BULK,
SB1,1G041A,56,520,160,4856320,BULK,
SB1,1G043A,56,520,160,4856320,BULK,
SB1,1G045A,55,520,160,4769600,BULK,
SB1,1G047A,56,520,160,4856320,BULK,
SB1,1G049A,54,520,160,4682880,BULK,
SB1,1G051A,55,520,160,4769600,BULK,
SB1,1G053A,54,520,160,4682880,BULK,
SB1,1G055A,55,520,160,4769600,BULK,
SB1,1G057A,54,520,160,4682880,BULK,
SB1,1G059A,54,520,160,4682880,BULK,
SB1,1G061A,54,520,160,4682880,BULK,
SB1,1G063A,53,520,160,4596160,BULK,
SB1,1G065A,54,520,160,4682880,BULK,
SB1,1G067A,52,520,160,4509440,BULK,
SB1,1G069A,54,520,160,4682880,BULK,
SB1,1G071A,53,520,160,4596160,BULK,
SB1,1G073A,53,520,160,4596160,BULK,
SB1,1G075A,52,520,160,4509440,BULK,
SB1,1G077A,54,520,160,4682880,BULK,
SB1,1G079A,55,520,160,4769600,BULK,
SB1,1G081A,53,520,160,4596160,BULK,
SB1,1G083A,55,520,160,4769600,BULK,
SB1,1G085A,53,520,160,4596160,BULK,
SB1,1G087A,55,520,160,4769600,BULK,
SB1,1G089A,52,520,160,4509440,BULK,
SB1,1G091A,53,520,160,4596160,BULK,
SB1,1G093A,52,520,160,4509440,BULK,
SB1,1G095A,54,520,160,4682880,BULK,
SB1,1G097A,52,520,160,4509440,BULK,
SB1,1G099A,50,520,160,4336000,BULK,
SB1,1G101A,50,520,160,4336000,BULK,
SB1,1G103A,50,520,160,4336000,BULK,
SB1,1G105A,51,520,160,4422720,BULK,
SB1,1G107A,49,520,160,4249280,BULK,
SB1,1G109A,51,520,160,4422720,BULK,
SB1,1G111A,48,520,160,4162560,BULK,
SB1,1G113A,50,520,160,4336000,BULK,
SB1,1G115A,52,520,160,4509440,BULK,
SB1,1H009A,52,327,160,4509440,BULK,
SB1,1H011A,52,327,160,4509440,BULK,
SB1,1H013A,53,327,160,4596160,BULK,
SB1,1H015A,49,327,160,4249280,BULK,
SB1,1H017A,52,327,160,4509440,BULK,
SB1,1H019A,54,327,160,4682880,BULK,
SB1,1H021A,53,327,160,4596160,BULK,
SB1,1H023A,56,327,160,4704000,BULK,
SB1,1H025A,54,327,160,4536000,BULK,
SB1,1H027A,55,327,160,4620000,BULK,
SB1,1H029A,54,327,160,4536000,BULK,
SB1,1H031A,54,327,160,4536000,BULK,
SB1,1H033A,56,327,160,4704000,BULK,
SB1,1H035A,53,327,160,4452000,BULK,
SB1,1H037A,52,327,160,4368000,BULK,
SB1,1H039A,56,327,160,4704000,BULK,
SB1,1H041A,53,327,160,4452000,BULK,
SB1,1H043A,55,327,160,4620000,BULK,
SB1,1H045A,54,327,160,4536000,BULK,
SB1,1H047A,54,327,160,4536000,BULK,
SB1,1H049A,54,327,160,4536000,BULK,
SB1,1H051A,55,327,160,4620000,BULK,
SB1,1H053A,54,327,160,4536000,BULK,
SB1,1H055A,53,327,160,4452000,BULK,
SB1,1H057A,52,327,160,4368000,BULK,
SB1,1H059A,52,327,160,4368000,BULK,
SB1,1H061A,54,327,160,4536000,BULK,
SB1,1H063A,52,327,160,4368000,BULK,
SB1,1H065A,55,327,160,4620000,BULK,
SB1,1H067A,53,327,160,4452000,BULK,
SB1,1H069A,54,327,160,4536000,BULK,
SB1,1H071A,51,327,160,4284000,BULK,
SB1,1H073A,55,327,160,4620000,BULK,
SB1,1H075A,51,327,160,4284000,BULK,
SB1,1H077A,61,327,160,5124000,BULK,
SB1,1H079A,62,327,160,5208000,BULK,
SB1,1H081A,52,327,160,4368000,BULK,
SB1,1H083A,55,327,160,4620000,BULK,
SB1,1H085A,51,327,160,4284000,BULK,
SB1,1H087A,54,327,160,4536000,BULK,
SB1,1H089A,53,327,160,4452000,BULK,
SB1,1H091A,54,327,160,4536000,BULK,
SB1,1H093A,55,327,160,4620000,BULK,
SB1,1H095A,53,327,160,4452000,BULK,
SB1,1H097A,53,327,160,4452000,BULK,
SB1,1H099A,48,327,160,4032000,BULK,
SB1,1H101A,51,327,160,4284000,BULK,
SB1,1H103A,51,327,160,4284000,BULK,
SB1,1H105A,50,327,160,4200000,BULK,
SB1,1H107A,51,327,160,4284000,BULK,
SB1,1H109A,51,327,160,4284000,BULK,
SB1,1H111A,51,327,160,4284000,BULK,
SB1,1H113A,48,327,160,4032000,BULK,
SB1,1H115A,53,327,160,4452000,BULK,
SB1,1I009A,53,424,160,4452000,BULK,
SB1,1I011A,53,424,160,4452000,BULK,
SB1,1I013A,53,424,160,4452000,BULK,
SB1,1I015A,53,424,160,4452000,BULK,
SB1,1I017A,48,424,160,4032000,BULK,
SB1,1I019A,51,424,160,4284000,BULK,
SB1,1I021A,51,424,160,4284000,BULK,
SB1,1I023A,49,424,160,2751840,BULK,
SB1,1I025A,51,424,160,2864160,BULK,
SB1,1I027A,50,424,160,2808000,BULK,
SB1,1I029A,52,424,160,2920320,BULK,
SB1,1I031A,50,424,160,2808000,BULK,
SB1,1I033A,50,424,160,2808000,BULK,
SB1,1I035A,51,424,160,2864160,BULK,
SB1,1I037A,50,424,160,2808000,BULK,
SB1,1I039A,51,424,160,2864160,BULK,
SB1,1I041A,50,424,160,2808000,BULK,
SB1,1I043A,50,424,160,2808000,BULK,
SB1,1I045A,52,424,160,2920320,BULK,
SB1,1I047A,50,424,160,2808000,BULK,
SB1,1I049A,50,424,160,2808000,BULK,
SB1,1I051A,50,424,160,2808000,BULK,
SB1,1I053A,50,424,160,2808000,BULK,
SB1,1I055A,51,424,160,2864160,BULK,
SB1,1I057A,50,424,160,2808000,BULK,
SB1,1I059A,51,424,160,2864160,BULK,
SB1,1I061A,49,424,160,2751840,BULK,
SB1,1I063A,50,424,160,2808000,BULK,
SB1,1I065A,50,424,160,2808000,BULK,
SB1,1I067A,49,424,160,2751840,BULK,
SB1,1I069A,50,424,160,2808000,BULK,
SB1,1I071A,50,424,160,2808000,BULK,
SB1,1I073A,49,424,160,2751840,BULK,
SB1,1I075A,50,424,160,2808000,BULK,
SB1,1I077A,48,424,160,2695680,BULK,
SB1,1I079A,51,424,160,2864160,BULK,
SB1,1I081A,48,424,160,2695680,BULK,
SB1,1I083A,50,424,160,2808000,BULK,
SB1,1I085A,52,424,160,2920320,BULK,
SB1,1I087A,62,424,160,3481920,BULK,
SB1,1I089A,52,424,160,2920320,BULK,
SB1,1I091A,54,424,160,3032640,BULK,
SB1,1I093A,52,424,160,2920320,BULK,
SB1,1I095A,54,424,160,3032640,BULK,
SB1,1I097A,54,424,160,3032640,BULK,
SB1,1I099A,55,424,160,3088800,BULK,
SB1,1I101A,53,424,160,2976480,BULK,
SB1,1I103A,52,424,160,2920320,BULK,
SB1,1I105A,53,424,160,2976480,BULK,
SB1,1I107A,47,424,160,2639520,BULK,
SB1,1I109A,49,424,160,2751840,BULK,
SB1,1I111A,51,424,160,2864160,BULK,
SB1,1I113A,49,424,160,2751840,BULK,
SB1,1I115A,50,424,160,2808000,BULK,
SB1,1I117A,48,424,160,2695680,BULK,
SB1,1I119A,51,424,160,2864160,BULK,
SB1,1I121A,48,424,160,2695680,BULK,
SB1,1I123A,49,424,160,2751840,BULK,
